vuelta,punto,angulo_deg,ultrasonido_cm,infrarrojo_cm,laser_cm,fusion_cm
1,0,0,15.4,16.15,83.8,83.8
1,1,1.8,15.19,16.12,82.5,82.5
1,2,3.6,14.75,16.025,80,80
1,3,5.4,45.38,15.82,79.55,79.55
1,4,7.2,75.94,15.78,79.95,79.95
1,5,9,75.25,15.54,80.3,80.3
1,6,10.8,74.97,15.09,84.05,84.05
1,7,12.6,75.12,14.9,86.95,86.95
1,8,14.4,75.355,14.585,88.35,88.35
1,9,16.2,76.185,14.035,92.3,92.3
1,10,18,76.295,13.505,100.4,100.4
1,11,19.8,75.89,13.4,107.95,107.95
1,12,21.6,75.635,13.4,113.4,113.4
1,13,23.4,76.495,13.295,119.95,119.95
1,14,25.2,78.105,13.29,125.45,125.45
1,15,27,78,13.155,127.9,127.9
1,16,28.8,78.99,13.14,125.35,125.35
1,17,30.6,81.485,13.385,120,120
1,18,32.4,81.36,13.51,111.45,111.45
1,19,34.2,80.79,13.475,106.4,106.4
1,20,36,81.365,13.86,105.2,105.2
1,21,37.8,81.935,15.165,102.9,102.9
1,22,39.6,82.24,16.245,101.55,101.55
1,23,41.4,81.7,16.135,99.85,99.85
1,24,43.2,81.295,15.87,99.9,99.9
1,25,45,81.31,15.945,100.8,100.8
1,26,46.8,80.98,15.335,102.4,102.4
1,27,48.6,80.25,14.83,104.95,104.95
1,28,50.4,80.15,14.62,105.95,105.95
1,29,52.2,79.92,14.185,105.7,105.7
1,30,54,79.555,14.345,102.85,102.85
1,31,55.8,76.435,14.68,99.25,99.25
1,32,57.6,72.605,14.84,97.05,97.05
1,33,59.4,68.84,14.785,94.95,94.95
1,34,61.2,65.88,15.895,90.8,90.8
1,35,63,64.835,17.59,87.4,87.4
1,36,64.8,63.77,18.09,86.1,86.1
1,37,66.6,63.18,18.2,84.45,84.45
1,38,68.4,62.58,18.17,83.1,83.1
1,39,70.2,62.825,18.18,81.55,81.55
1,40,72,62.655,18.42,79.9,79.9
1,41,73.8,62.42,18.25,77.85,77.85
1,42,75.6,62.605,17.065,74.5,74.5
1,43,77.4,62.575,17.335,72,72
1,44,79.2,62.14,19.71,70.85,70.85
1,45,81,61.735,20.665,69.3,69.3
1,46,82.8,61.775,20.165,67.5,67.5
1,47,84.6,61.985,19.655,65.85,65.85
1,48,86.4,62.175,19.155,65.5,65.5
1,49,88.2,62.175,19.235,65.45,65.45
1,50,90,62.07,19.255,66.05,66.05
1,51,91.8,62.02,18.955,67.55,67.55
1,52,93.6,62.215,18.22,68.55,68.55
1,53,95.4,62.53,17.4,69.9,69.9
1,54,97.2,62.785,16.245,73.65,73.65
1,55,99,63,14.49,77.1,77.1
1,56,100.8,63.05,13.695,80.65,80.65
1,57,102.6,62.795,13.465,88.05,88.05
1,58,104.4,63.205,13.42,107.4,107.4
1,59,106.2,64.725,13.49,125.85,125.85
1,60,108,64.835,13.445,131.45,131.45
1,61,109.8,63.84,13.335,135.85,135.85
1,62,111.6,68.22,13.195,141.95,141.95
1,63,113.4,69.775,13.07,145.75,145.75
1,64,115.2,90.2,12.9,147.9,147.9
1,65,117,95.74,12.9,150.7,150.7
1,66,118.8,120.7,13.185,152.4,152.4
1,67,120.6,145.65,13.235,155.75,155.75
1,68,122.4,104.2,13.14,158.2,158.2
1,69,124.2,81.475,12.83,156.9,156.9
1,70,126,85.03,12.82,153.95,153.95
1,71,127.8,84.6,13.175,152,152
1,72,129.6,81.86,13.235,149.85,149.85
1,73,131.4,83.42,13.375,148,148
1,74,133.2,83.655,13.555,144.15,144.15
1,75,135,80.515,13.655,139,139
1,76,136.8,79.15,13.615,134.55,134.55
1,77,138.6,79.935,13.585,130.8,130.8
1,78,140.4,78.51,13.415,122.75,122.75
1,79,142.2,77.055,13.245,112.25,112.25
1,80,144,77.09,13.345,105.05,105.05
1,81,145.8,75.835,13.535,98.7,98.7
1,82,147.6,72.08,13.905,90.85,90.85
1,83,149.4,68.58,14.07,85.05,85.05
1,84,151.2,67.29,14.265,82.65,82.65
1,85,153,64.84,14.965,79.75,79.75
1,86,154.8,62.68,15.215,77.7,77.7
1,87,156.6,66.68,14.745,75.8,75.8
1,88,158.4,69.985,14.48,74.5,74.5
1,89,160.2,73.61,14.6,73.2,73.2
1,90,162,71.13,14.495,71.2,71.2
1,91,163.8,63.29,14.575,69,69
1,92,165.6,61.555,15.055,68.2,68.2
1,93,167.4,60.5,15.275,67.4,67.4
1,94,169.2,58.95,15.43,66,66
1,95,171,57.715,15.625,65.05,65.05
1,96,172.8,57.495,15.86,64.4,64.4
1,97,174.6,57.2,15.875,63.8,63.8
1,98,176.4,56.68,15.985,62.95,62.95
1,99,178.2,56.435,16.33,61.9,61.9
1,100,180,56.23,16.46,61.3,61.3
1,101,181.8,56.26,16.595,61.2,61.2
1,102,183.6,56.41,16.67,61,61
1,103,185.4,56.175,16.86,60.65,60.65
1,104,187.2,55.91,17.085,60.55,60.55
1,105,189,55.64,17.005,59.95,59.95
1,106,190.8,55.415,18.18,59,59
1,107,192.6,55.445,19.43,58.75,58.75
1,108,194.4,55.45,20.04,58.8,58.8
1,109,196.2,55.655,21.575,58.6,58.6
1,110,198,55.615,21.785,58.4,58.4
1,111,199.8,55.19,21.22,58.45,58.45
1,112,201.6,55.06,20.63,58.4,58.4
1,113,203.4,55.345,20.52,58.15,58.15
1,114,205.2,55.23,21.045,58.25,58.25
1,115,207,54.89,20.95,58.5,58.5
1,116,208.8,55.03,20.855,58.65,58.65
1,117,210.6,55.22,20.73,58.85,58.85
1,118,212.4,55.345,20.1,59.2,59.2
1,119,214.2,53.34,19.68,59.55,59.55
1,120,216,51.35,19.9,59.95,59.95
1,121,217.8,50.245,20.035,60.4,60.4
1,122,219.6,47.485,19.82,61.05,61.05
1,123,221.4,45.95,19.525,61.8,61.8
1,124,223.2,45.615,19.28,62.5,62.5
1,125,225,45.305,18.94,62.9,62.9
1,126,226.8,44.675,18.82,64.6,64.6
1,127,228.6,44,18.745,66.45,66.45
1,128,230.4,44.005,18.03,67.45,67.45
1,129,232.2,44.145,17.75,68.85,68.85
1,130,234,43.71,18.01,70.2,70.2
1,131,235.8,43.21,18.03,71.4,71.4
1,132,237.6,43.185,18.245,71.3,71.3
1,133,239.4,42.885,18.46,70.3,70.3
1,134,241.2,42.665,18.09,65.9,65.9
1,135,243,42.61,17.585,61.15,61.15
1,136,244.8,42.49,17.565,56.8,56.8
1,137,246.6,42.385,17.97,51.8,51.8
1,138,248.4,42.38,19.9,48.3,48.3
1,139,250.2,42.355,22.83,45.95,45.95
1,140,252,42.225,25.69,45.55,45.55
1,141,253.8,42.305,24.625,46.1,46.1
1,142,255.6,42.505,21.52,46.25,46.25
1,143,257.4,42.505,20.425,45.45,45.45
1,144,259.2,42.28,19.8,45,45
1,145,261,42.15,19.175,45.2,45.2
1,146,262.8,42.175,18.725,46.45,46.45
1,147,264.6,42.265,18.265,47.7,47.7
1,148,266.4,42.535,17.71,48.4,48.4
1,149,268.2,42.795,17.49,49,49
1,150,270,42.94,17.715,50.95,50.95
1,151,271.8,43.08,17.935,53.45,53.45
1,152,273.6,43.22,16.41,55.1,55.1
1,153,275.4,43.56,14.685,57.25,57.25
1,154,277.2,44.305,15.295,62.25,62.25
1,155,279,44.395,16.16,67.25,67.25
1,156,280.8,44.565,16.04,69.6,69.6
1,157,282.6,44.755,15.8,70.75,70.75
1,158,284.4,44.85,16.04,69.35,69.35
1,159,286.2,53.93,16.695,66.8,66.8
1,160,288,70.735,17.195,64.95,64.95
1,161,289.8,75.125,17.37,63.15,63.15
1,162,291.6,64.905,17.13,60.7,60.7
1,163,293.4,57.695,17.355,59.05,59.05
1,164,295.2,56.52,18.005,58.7,58.7
1,165,297,56.04,18.38,58.45,58.45
1,166,298.8,56.115,18.505,57.9,57.9
1,167,300.6,55.66,17.93,57.45,57.45
1,168,302.4,56.03,17.41,57.3,57.3
1,169,304.2,57.755,17.88,57.4,57.4
1,170,306,57.245,18.075,59.2,59.2
1,171,307.8,56.025,18.025,61.35,61.35
1,172,309.6,55.905,17.31,62.95,62.95
1,173,311.4,56.145,15.555,65.5,65.5
1,174,313.2,56.475,14.215,73.5,73.5
1,175,315,56.62,14.005,82.3,82.3
1,176,316.8,56.95,14.105,89.95,89.95
1,177,318.6,56.2,13.94,98.45,98.45
1,178,320.4,45.125,14.265,103.45,103.45
1,179,322.2,24.56,14.79,105.05,105.05
1,180,324,15.1,14.93,103.75,103.75
1,181,325.8,36.135,15.175,103.15,103.15
1,182,327.6,46.845,15.5,103.2,103.2
1,183,329.4,26.12,15.56,102.1,102.1
1,184,331.2,14.545,15.735,100.85,100.85
1,185,333,14.07,15.93,100.05,100.05
1,186,334.8,13.225,15.895,99.7,99.7
1,187,336.6,11.97,16.1,99.6,99.6
1,188,338.4,11.325,16.445,99.75,99.75
1,189,340.2,10.995,16.165,99.5,99.5
1,190,342,10.895,15.765,99.3,99.3
1,191,343.8,10.89,16.35,99.75,99.75
1,192,345.6,10.635,16.62,100.1,100.1
1,193,347.4,10.4,16.305,99.9,99.9
1,194,349.2,10.275,16.19,97.7,97.7
1,195,351,10.7,16.41,94.85,94.85
1,196,352.8,11.35,16.48,92.8,92.8
1,197,354.6,43.005,15.95,90.95,90.95
1,198,356.4,74.665,15.8,87.6,87.6
1,199,358.2,74.35,16.15,85.1,85.1
2,0,0,17.56,15.56,82.9,82.9
2,1,1.8,16.86,15.81,81.95,81.95
2,2,3.6,30.87,15.89,80.05,80.05
2,3,5.4,60.71,15.515,79.55,79.55
2,4,7.2,75.12,15.53,80.05,80.05
2,5,9,74.93,15.565,80.5,80.5
2,6,10.8,76.085,15.01,83.55,83.55
2,7,12.6,76.265,14.55,86.9,86.9
2,8,14.4,76.715,14.39,88.6,88.6
2,9,16.2,76.77,14.075,91.5,91.5
2,10,18,75.705,13.515,456.2,456.2
2,11,19.8,76.325,13.365,462.85,462.85
2,12,21.6,76.29,13.45,112.3,112.3
2,13,23.4,75.5,13.42,120.65,120.65
2,14,25.2,76.56,13.185,125,125
2,15,27,78.525,13.085,127.75,127.75
2,16,28.8,79.23,13.215,125.3,125.3
2,17,30.6,78.775,13.395,119.65,119.65
2,18,32.4,79.64,13.515,112.25,112.25
2,19,34.2,82.015,13.415,106.95,106.95
2,20,36,82.235,14.25,105.7,105.7
2,21,37.8,81.395,15.695,103.25,103.25
2,22,39.6,81.835,16.26,100.8,100.8
2,23,41.4,81.275,15.935,99.25,99.25
2,24,43.2,80.875,16.08,99.4,99.4
2,25,45,81.32,16.045,100.2,100.2
2,26,46.8,81.755,14.96,102.55,102.55
2,27,48.6,81.335,14.54,104.15,104.15
2,28,50.4,80.18,14.52,104.6,104.6
2,29,52.2,80.01,14.31,105.65,105.65
2,30,54,80.225,14.385,103.15,103.15
2,31,55.8,73.71,14.495,99.25,99.25
2,32,57.6,69.64,14.74,97.1,97.1
2,33,59.4,72.375,14.89,94.8,94.8
2,34,61.2,72.35,16.19,90.95,90.95
2,35,63,67.94,17.565,87.85,87.85
2,36,64.8,63.77,17.69,86.45,86.45
2,37,66.6,63.4,17.81,84.5,84.5
2,38,68.4,63.12,17.44,82.45,82.45
2,39,70.2,62.955,17.81,81.45,81.45
2,40,72,62.785,18.315,80.4,80.4
2,41,73.8,62.76,17.695,78,78
2,42,75.6,62.415,16.63,74.7,74.7
2,43,77.4,62.33,17.055,72.3,72.3
2,44,79.2,62.335,19.59,70.9,70.9
2,45,81,61.93,21.53,69.3,69.3
2,46,82.8,62.02,21.225,67.45,67.45
2,47,84.6,62.275,19.97,66.05,66.05
2,48,86.4,62.28,19.635,65.6,65.6
2,49,88.2,62.185,19.395,65.6,65.6
2,50,90,62,18.875,66.35,66.35
2,51,91.8,62.02,18.83,67.35,67.35
2,52,93.6,62.1,18.305,68.4,68.4
2,53,95.4,62.37,17.485,69.9,69.9
2,54,97.2,62.5,15.78,73.55,73.55
2,55,99,62.36,14.05,77.9,77.9
2,56,100.8,62.455,13.815,81.75,81.75
2,57,102.6,63.045,13.7,87.3,87.3
2,58,104.4,63.665,13.51,106.9,106.9
2,59,106.2,63.475,13.355,125.8,125.8
2,60,108,63.38,13.305,131.4,131.4
2,61,109.8,63.79,13.3,136.7,136.7
2,62,111.6,64.965,13.25,141.9,141.9
2,63,113.4,86.205,13.15,145.8,145.8
2,64,115.2,113.925,12.935,147.95,147.95
2,65,117,120.05,12.895,150.2,150.2
2,66,118.8,97.79,12.95,153,153
2,67,120.6,90.325,13.09,155.4,155.4
2,68,122.4,104.23,13.185,155.75,155.75
2,69,124.2,98.4,13.035,155.25,155.25
2,70,126,88.585,13.14,154.6,154.6
2,71,127.8,82.515,13.065,153.75,153.75
2,72,129.6,80.2,13.005,152,152
2,73,131.4,79.585,13.315,149.7,149.7
2,74,133.2,79.18,13.535,144.35,144.35
2,75,135,79.51,13.495,140.1,140.1
2,76,136.8,78.235,13.595,137.65,137.65
2,77,138.6,76.37,13.85,132.3,132.3
2,78,140.4,76.765,13.56,121.5,121.5
2,79,142.2,76.015,13.235,111.85,111.85
2,80,144,74.185,13.39,105.55,105.55
2,81,145.8,74.265,13.63,99.1,99.1
2,82,147.6,73.5,13.87,91.85,91.85
2,83,149.4,69.42,14.18,85.5,85.5
2,84,151.2,65.46,14.49,83.1,83.1
2,85,153,64.85,14.965,80.7,80.7
2,86,154.8,64.74,15.075,77.9,77.9
2,87,156.6,63.63,14.755,75.45,75.45
2,88,158.4,69.91,14.45,74.55,74.55
2,89,160.2,71.58,14.355,73.4,73.4
2,90,162,69.835,14.67,71.2,71.2
2,91,163.8,67.695,14.895,69.4,69.4
2,92,165.6,61.705,14.975,68.75,68.75
2,93,167.4,60.33,14.905,67.4,67.4
2,94,169.2,58.57,15.4,66.05,66.05
2,95,171,57.535,15.825,64.8,64.8
2,96,172.8,56.985,15.785,63.9,63.9
2,97,174.6,57.105,16.06,63.85,63.85
2,98,176.4,56.695,16.385,63,63
2,99,178.2,56.29,16.47,62,62
2,100,180,56.75,16.29,61.75,61.75
2,101,181.8,56.84,16.44,61.35,61.35
2,102,183.6,56.435,16.685,60.8,60.8
2,103,185.4,56.17,16.83,60.2,60.2
2,104,187.2,56.205,16.605,59.95,59.95
2,105,189,56.165,16.26,59.9,59.9
2,106,190.8,55.85,17.34,59.35,59.35
2,107,192.6,55.58,19.22,59.05,59.05
2,108,194.4,55.56,20.355,58.55,58.55
2,109,196.2,55.635,20.685,58.1,58.1
2,110,198,55.405,20.86,58.05,58.05
2,111,199.8,55.165,21.22,57.9,57.9
2,112,201.6,55.28,21.275,58,58
2,113,203.4,55.26,20.75,57.95,57.95
2,114,205.2,55.295,20.715,58.2,58.2
2,115,207,55.31,21.115,58.55,58.55
2,116,208.8,55.475,20.995,58.5,58.5
2,117,210.6,55.81,20.575,58.4,58.4
2,118,212.4,55.425,20.165,58.95,58.95
2,119,214.2,55.425,19.81,59.5,59.5
2,120,216,52.63,20.005,59.85,59.85
2,121,217.8,48.285,20.37,60.5,60.5
2,122,219.6,46.505,20.065,61.1,61.1
2,123,221.4,45.505,19.785,61.75,61.75
2,124,223.2,45.395,19.455,62.5,62.5
2,125,225,45.63,19.195,63.3,63.3
2,126,226.8,45.875,18.815,64.95,64.95
2,127,228.6,45.1,18.51,66.6,66.6
2,128,230.4,44.2,18.42,67.6,67.6
2,129,232.2,44.14,18.205,68.9,68.9
2,130,234,43.865,18.11,70.25,70.25
2,131,235.8,43.525,18.235,71.45,71.45
2,132,237.6,43.135,18.395,71.35,71.35
2,133,239.4,42.995,18.275,70.6,70.6
2,134,241.2,42.935,18.05,66.35,66.35
2,135,243,42.555,17.795,60.9,60.9
2,136,244.8,42.405,17.9,56.55,56.55
2,137,246.6,42.57,17.815,51.85,51.85
2,138,248.4,42.425,20.405,47.95,47.95
2,139,250.2,42.28,23.47,45.95,45.95
2,140,252,42.16,23.405,45.95,45.95
2,141,253.8,42.05,23.015,46,46
2,142,255.6,42.055,21.685,46.05,46.05
2,143,257.4,42.195,20.565,45.4,45.4
2,144,259.2,42.315,19.665,44.85,44.85
2,145,261,42.435,18.585,45.2,45.2
2,146,262.8,42.53,18.7,46.55,46.55
2,147,264.6,42.41,18.85,47.75,47.75
2,148,266.4,42.31,18.225,48.25,48.25
2,149,268.2,42.35,17.81,48.95,48.95
2,150,270,42.875,18.1,50.9,50.9
2,151,271.8,43.23,17.815,53,53
2,152,273.6,43.16,16.705,55.15,55.15
2,153,275.4,43.46,15.18,57.9,57.9
2,154,277.2,43.82,15.49,62.45,62.45
2,155,279,43.895,16.36,67.15,67.15
2,156,280.8,44.355,16,69.3,69.3
2,157,282.6,44.775,15.555,70.45,70.45
2,158,284.4,45.365,15.48,69.15,69.15
2,159,286.2,50.745,16.32,66.95,66.95
2,160,288,62.45,16.9,65.1,65.1
2,161,289.8,67.24,17.04,63.05,63.05
2,162,291.6,67.555,17.24,60.7,60.7
2,163,293.4,63.385,17.525,58.9,58.9
2,164,295.2,57.415,17.56,58.4,58.4
2,165,297,68.73,18.02,58.15,58.15
2,166,298.8,67.405,18.39,58.1,58.1
2,167,300.6,67.815,17.915,57.75,57.75
2,168,302.4,67.905,17.435,57.5,57.5
2,169,304.2,55.68,17.25,57.95,57.95
2,170,306,55.565,18.04,59.3,59.3
2,171,307.8,56.085,18.655,60.7,60.7
2,172,309.6,58.32,17.615,62.75,62.75
2,173,311.4,57.61,15.755,65.45,65.45
2,174,313.2,55.38,14.595,72.8,72.8
2,175,315,77.65,14.225,81.95,81.95
2,176,316.8,78.225,14.265,90.45,90.45
2,177,318.6,57.175,14.555,98.3,98.3
2,178,320.4,46.55,14.79,102.8,102.8
2,179,322.2,24.58,14.855,105.25,105.25
2,180,324,14.87,15.015,105.3,105.3
2,181,325.8,35.66,15.28,104.8,104.8
2,182,327.6,56.61,15.23,103.15,103.15
2,183,329.4,36.355,15.36,101.85,101.85
2,184,331.2,14.735,15.845,101.25,101.25
2,185,333,14.235,15.845,100.95,100.95
2,186,334.8,13.2,15.89,100.65,100.65
2,187,336.6,12.095,16.275,99.75,99.75
2,188,338.4,11.42,16.4,99.85,99.85
2,189,340.2,11.085,16.27,99.85,99.85
2,190,342,10.945,16.345,99.75,99.75
2,191,343.8,10.79,16.58,99.9,99.9
2,192,345.6,10.72,16.52,99.4,99.4
2,193,347.4,10.635,15.94,99.1,99.1
2,194,349.2,10.52,15.825,97.1,97.1
2,195,351,10.845,16.055,93.9,93.9
2,196,352.8,11.39,15.99,92.15,92.15
2,197,354.6,12.59,15.8,90.6,90.6
2,198,356.4,43.895,15.675,88.25,88.25
2,199,358.2,74.055,16.17,85.5,85.5
3,0,0,17.12,15.84,82.5,82.5
3,1,1.8,16.91,15.86,81.8,81.8
3,2,3.6,30.705,15.905,79.75,79.75
3,3,5.4,59.29,15.645,79,79
3,4,7.2,74.18,15.475,80.25,80.25
3,5,9,74.2,15.425,81.3,81.3
3,6,10.8,75.02,14.965,83.9,83.9
3,7,12.6,76.63,14.835,86.6,86.6
3,8,14.4,76.935,14.47,88.5,88.5
3,9,16.2,77.095,13.955,91.4,91.4
3,10,18,76.67,13.745,98.55,98.55
3,11,19.8,76.41,13.43,106.35,106.35
3,12,21.6,77.195,13.38,113.1,113.1
3,13,23.4,76.86,13.435,120.25,120.25
3,14,25.2,76.07,13.33,125.25,125.25
3,15,27,76.365,13.175,127.2,127.2
3,16,28.8,76.79,13.27,123.45,123.45
3,17,30.6,77.18,13.455,118.25,118.25
3,18,32.4,79.94,13.53,112.45,112.45
3,19,34.2,82.28,13.51,107.2,107.2
3,20,36,82.015,14.515,105.45,105.45
3,21,37.8,81.85,16.1,104.3,104.3
3,22,39.6,82.34,16.22,101.6,101.6
3,23,41.4,82.265,15.82,99.55,99.55
3,24,43.2,81.9,15.625,99.9,99.9
3,25,45,81.645,15.71,100.35,100.35
3,26,46.8,80.6,15.385,102.6,102.6
3,27,48.6,80.35,14.735,104.85,104.85
3,28,50.4,80.575,14.335,105.35,105.35
3,29,52.2,80.1,14.09,105.45,105.45
3,30,54,79.89,14.08,103.05,103.05
3,31,55.8,80.125,14.19,99.95,99.95
3,32,57.6,73.98,14.58,96.8,96.8
3,33,59.4,66.69,14.725,93.8,93.8
3,34,61.2,65.23,16.025,90.6,90.6
3,35,63,64.2,17.7,87.9,87.9
3,36,64.8,63.99,18.435,86,86
3,37,66.6,63.82,18.52,84.25,84.25
3,38,68.4,63.125,18.44,83.2,83.2
3,39,70.2,62.855,18.84,81.75,81.75
3,40,72,62.92,18.91,79.95,79.95
3,41,73.8,62.905,18.465,78.1,78.1
3,42,75.6,62.64,17.155,75,75
3,43,77.4,62.155,16.94,72.15,72.15
3,44,79.2,62.04,19.52,70.75,70.75
3,45,81,62.05,21.18,69.25,69.25
3,46,82.8,61.71,19.825,67.3,67.3
3,47,84.6,61.7,19.09,65.85,65.85
3,48,86.4,62.065,19.075,65.7,65.7
3,49,88.2,62.01,19.06,65.6,65.6
3,50,90,62.05,19.42,66.45,66.45
3,51,91.8,62.095,18.915,67.6,67.6
3,52,93.6,62.14,18.35,68.3,68.3
3,53,95.4,62.47,17.53,69.85,69.85
3,54,97.2,62.52,16.14,73.2,73.2
3,55,99,62.845,14.485,77.1,77.1
3,56,100.8,63.105,13.495,81.15,81.15
3,57,102.6,63.375,13.36,88.15,88.15
3,58,104.4,63.27,13.105,107.45,107.45
3,59,106.2,63.265,13.195,126.65,126.65
3,60,108,63.995,13.365,132.6,132.6
3,61,109.8,64.39,13.19,135.45,135.45
3,62,111.6,64.66,12.92,141.1,141.1
3,63,113.4,74.145,12.925,147.15,147.15
3,64,115.2,102.475,13.015,149.35,149.35
3,65,117,141.725,12.915,151.4,151.4
3,66,118.8,138.915,12.955,155.3,155.3
3,67,120.6,130.885,13.155,156.45,156.45
3,68,122.4,111.46,13.205,155.4,155.4
3,69,124.2,87.13,13.035,156.3,156.3
3,70,126,94.825,13.055,155.45,155.45
3,71,127.8,86.89,13.16,153.85,153.85
3,72,129.6,81.49,13.18,152.25,152.25
3,73,131.4,81.365,13.13,148.45,148.45
3,74,133.2,80.94,13.335,142.4,142.4
3,75,135,79.905,13.32,137.5,137.5
3,76,136.8,78.73,13.37,135.1,135.1
3,77,138.6,78.025,13.755,131.55,131.55
3,78,140.4,76.33,13.475,123.6,123.6
3,79,142.2,76.125,13.045,113.7,113.7
3,80,144,76.915,13.245,105.75,105.75
3,81,145.8,76.635,13.54,99.35,99.35
3,82,147.6,76.44,13.885,91.6,91.6
3,83,149.4,73.08,14.16,85.5,85.5
3,84,151.2,67.47,14.255,83.2,83.2
3,85,153,64.9,14.755,80.5,80.5
3,86,154.8,63.605,14.96,77.45,77.45
3,87,156.6,63.035,14.565,75.75,75.75
3,88,158.4,70.705,14.45,74.9,74.9
3,89,160.2,77.59,14.595,73.65,73.65
3,90,162,69.775,14.72,71.4,71.4
3,91,163.8,61.35,14.78,69.2,69.2
3,92,165.6,60.605,15.07,67.9,67.9
3,93,167.4,60.015,15.42,66.9,66.9
3,94,169.2,58.75,15.35,65.9,65.9
3,95,171,57.855,15.505,64.5,64.5
3,96,172.8,57.345,15.895,64.05,64.05
3,97,174.6,57.25,16.09,63.5,63.5
3,98,176.4,57.155,16.045,62.55,62.55
3,99,178.2,57.01,16.115,62.15,62.15
3,100,180,56.7,16.46,62.05,62.05
3,101,181.8,56.53,16.595,61.45,61.45
3,102,183.6,56.245,16.245,60.75,60.75
3,103,185.4,55.935,16.32,60.5,60.5
3,104,187.2,56.215,16.655,60.35,60.35
3,105,189,56.05,16.565,60.1,60.1
3,106,190.8,55.65,17.305,59.3,59.3
3,107,192.6,55.64,19.2,58.6,58.6
3,108,194.4,55.605,21.065,58.5,58.5
3,109,196.2,55.33,21.42,58.3,58.3
3,110,198,55.22,21.185,58.3,58.3
3,111,199.8,55.26,21.255,58.25,58.25
3,112,201.6,55.115,21.19,58.15,58.15
3,113,203.4,54.835,20.99,58.15,58.15
3,114,205.2,54.9,20.855,58.15,58.15
3,115,207,55.115,20.95,58.2,58.2
3,116,208.8,55.38,21.045,58.4,58.4
3,117,210.6,55.705,21.11,58.55,58.55
3,118,212.4,55.515,20.55,59,59
3,119,214.2,54.445,19.495,59.55,59.55
3,120,216,50.765,19.405,59.8,59.8
3,121,217.8,47.045,19.755,60.15,60.15
3,122,219.6,46.53,19.62,61.05,61.05
3,123,221.4,46.205,19.515,62,62
3,124,223.2,45.53,19.315,62.4,62.4
3,125,225,45.285,19,62.95,62.95
3,126,226.8,44.955,18.475,64.45,64.45
3,127,228.6,44.665,18.2,66.15,66.15
3,128,230.4,44.28,18.23,67.3,67.3
3,129,232.2,44.3,18.04,68.6,68.6
3,130,234,44.08,17.87,70.2,70.2
3,131,235.8,43.435,18.005,71.35,71.35
3,132,237.6,43.365,18.125,71.65,71.65
3,133,239.4,43.1,18.255,70.85,70.85
3,134,241.2,42.71,18.06,66.1,66.1
3,135,243,42.78,17.66,60.85,60.85
3,136,244.8,42.665,17.5,56.5,56.5
3,137,246.6,42.55,18.025,51.95,51.95
3,138,248.4,42.59,20.47,48.25,48.25
3,139,250.2,42.415,23.105,46.05,46.05
3,140,252,42.285,23.98,45.65,45.65
3,141,253.8,42.25,24.5,45.8,45.8
3,142,255.6,42.115,22.79,46.15,46.15
3,143,257.4,42.13,20.325,45.5,45.5
3,144,259.2,42.07,19.595,44.75,44.75
3,145,261,42.21,18.72,45.1,45.1
3,146,262.8,42.45,18.61,46.4,46.4
3,147,264.6,42.445,18.99,47.45,47.45
3,148,266.4,42.53,18.655,48.35,48.35
3,149,268.2,42.465,18.36,49.1,49.1
3,150,270,42.62,18.22,51,51
3,151,271.8,42.99,18.695,53.4,53.4
3,152,273.6,43.06,17.545,55.65,55.65
3,153,275.4,43.335,14.995,58.1,58.1
3,154,277.2,43.865,15.08,62.3,62.3
3,155,279,44.185,16.015,66.9,66.9
3,156,280.8,44.255,16.04,69.3,69.3
3,157,282.6,44.51,15.535,70.4,70.4
3,158,284.4,44.915,15.5,69.05,69.05
3,159,286.2,49.79,15.865,67.4,67.4
3,160,288,66.855,16.265,65.8,65.8
3,161,289.8,71.15,16.935,63.75,63.75
3,162,291.6,61.955,17.515,61.25,61.25
3,163,293.4,59.275,17.835,59,59
3,164,295.2,56.73,18.195,58.3,58.3
3,165,297,57.01,18.505,58.2,58.2
3,166,298.8,60.195,18.375,57.85,57.85
3,167,300.6,71.045,18.065,57.35,57.35
3,168,302.4,67.91,17.665,57.15,57.15
3,169,304.2,56.385,17.68,57.45,57.45
3,170,306,56.185,18.15,59.5,59.5
3,171,307.8,55.34,18.445,61.55,61.55
3,172,309.6,55.585,17.985,63.65,63.65
3,173,311.4,56.07,16.045,66.6,66.6
3,174,313.2,56.33,14.435,73.95,73.95
3,175,315,56.37,14.025,82.5,82.5
3,176,316.8,55.965,14.055,90.5,90.5
3,177,318.6,55.885,14.41,98.2,98.2
3,178,320.4,45.48,14.645,103.45,103.45
3,179,322.2,24.06,14.855,105.6,105.6
3,180,324,14.23,15.075,104.9,104.9
3,181,325.8,36.24,15.17,104.45,104.45
3,182,327.6,58.37,15.29,102.95,102.95
3,183,329.4,37.32,15.545,101.95,101.95
3,184,331.2,14.765,15.62,101.2,101.2
3,185,333,13.73,15.775,100.55,100.55
3,186,334.8,12.81,16.125,99.85,99.85
3,187,336.6,12.015,16.03,99.4,99.4
3,188,338.4,11.415,15.745,99.6,99.6
3,189,340.2,11.09,15.95,99.6,99.6
3,190,342,10.975,15.945,99.6,99.6
3,191,343.8,10.915,16.39,99.7,99.7
3,192,345.6,10.58,16.895,99.35,99.35
3,193,347.4,10.27,15.905,99.2,99.2
3,194,349.2,10.355,15.675,97.55,97.55
3,195,351,10.7,16.27,95,95
3,196,352.8,11.5,16.045,93.2,93.2
3,197,354.6,43.215,15.695,91.35,91.35
3,198,356.4,74.17,16.035,88.55,88.55
3,199,358.2,74.005,16.235,86,86
4,0,0,74.45,15.96,83.5,83.5
4,1,1.8,74.295,15.92,82.5,82.5
4,2,3.6,74.005,15.96,80.5,80.5
4,3,5.4,74.61,15.97,79.35,79.35
4,4,7.2,74.6,15.495,80.25,80.25
4,5,9,74.595,15.35,81,81
4,6,10.8,75.655,15.245,83.2,83.2
4,7,12.6,76.095,14.78,86.5,86.5
4,8,14.4,75.79,14.38,88.8,88.8
4,9,16.2,75.765,13.855,91.9,91.9
4,10,18,76.165,13.515,99.35,99.35
4,11,19.8,75.68,13.245,106.75,106.75
4,12,21.6,75.785,13.08,111.75,111.75
4,13,23.4,77.2,13.19,119.35,119.35
4,14,25.2,76.96,13.26,125.65,125.65
4,15,27,76.965,13.23,127,127
4,16,28.8,77.85,13.32,124.3,124.3
4,17,30.6,78.435,13.46,119.8,119.8
4,18,32.4,78.745,13.46,112.75,112.75
4,19,34.2,80.86,13.485,106.8,106.8
4,20,36,81.25,14.115,104.4,104.4
4,21,37.8,81.35,15.455,103.2,103.2
4,22,39.6,83.16,16.04,101.6,101.6
4,23,41.4,81.825,15.765,99.4,99.4
4,24,43.2,80.725,15.805,99.35,99.35
4,25,45,80.11,15.625,100.6,100.6
4,26,46.8,80.115,15.155,102.95,102.95
4,27,48.6,80.755,14.79,104.9,104.9
4,28,50.4,80.92,14.28,105.1,105.1
4,29,52.2,80.31,14.06,105.9,105.9
4,30,54,80.02,14.395,103.85,103.85
4,31,55.8,73.62,14.565,99.75,99.75
4,32,57.6,65.995,14.69,97.05,97.05
4,33,59.4,66.49,14.74,94.25,94.25
4,34,61.2,65.895,16.1,90.45,90.45
4,35,63,63.625,17.75,87.85,87.85
4,36,64.8,63.195,17.52,86,86
4,37,66.6,63.025,17.275,84.15,84.15
4,38,68.4,63,17.865,82.65,82.65
4,39,70.2,62.955,18.14,81.45,81.45
4,40,72,62.9,17.785,79.95,79.95
4,41,73.8,62.66,17.78,77.65,77.65
4,42,75.6,62.375,17.125,74.8,74.8
4,43,77.4,62.205,17.13,72.35,72.35
4,44,79.2,62.56,19.715,71,71
4,45,81,62.585,21.245,69.65,69.65
4,46,82.8,62.19,20.645,67.9,67.9
4,47,84.6,62.12,20.085,66.25,66.25
4,48,86.4,62.02,19.865,65.8,65.8
4,49,88.2,62.05,19.58,65.85,65.85
4,50,90,62.035,19.025,66.35,66.35
4,51,91.8,62.285,18.025,66.95,66.95
4,52,93.6,62.345,17.635,68.1,68.1
4,53,95.4,62.57,18.08,69.75,69.75
4,54,97.2,62.93,16.265,73.45,73.45
4,55,99,62.81,14.085,76.9,76.9
4,56,100.8,62.88,13.86,80.85,80.85
4,57,102.6,63.045,13.715,87.8,87.8
4,58,104.4,63.145,13.61,107.1,107.1
4,59,106.2,63.7,13.375,126.35,126.35
4,60,108,64.35,13.205,131.85,131.85
4,61,109.8,64.305,13.32,135.6,135.6
4,62,111.6,64.83,13.27,141.75,141.75
4,63,113.4,88.59,13.175,147.85,147.85
4,64,115.2,93.62,12.865,149.85,149.85
4,65,117,110.285,12.75,151.75,151.75
4,66,118.8,156.07,13.115,154.35,154.35
4,67,120.6,135.38,13.25,155.4,155.4
4,68,122.4,93.005,13.16,155.25,155.25
4,69,124.2,82.255,13.025,156.6,156.6
4,70,126,82.92,12.985,155.75,155.75
4,71,127.8,82.495,13.11,486.2,486.2
4,72,129.6,93.505,13.25,483.7,483.7
4,73,131.4,91.99,13.29,147.65,147.65
4,74,133.2,79.26,13.42,143.3,143.3
4,75,135,80.24,13.63,138.05,138.05
4,76,136.8,78.805,13.66,134.45,134.45
4,77,138.6,77.855,13.635,475.75,475.75
4,78,140.4,78.11,13.45,467.4,467.4
4,79,142.2,76.33,13.23,112.7,112.7
4,80,144,76.025,13.25,106.85,106.85
4,81,145.8,77.105,13.51,99.5,99.5
4,82,147.6,72.65,14.105,90.55,90.55
4,83,149.4,66.725,14.365,84.6,84.6
4,84,151.2,64.68,14.42,82.35,82.35
4,85,153,64.52,14.97,80.05,80.05
4,86,154.8,64.635,15,77.45,77.45
4,87,156.6,64.365,14.235,75.6,75.6
4,88,158.4,70.83,14.195,74.15,74.15
4,89,160.2,75.14,14.435,73.5,73.5
4,90,162,69.375,14.11,71.9,71.9
4,91,163.8,63.38,14.435,69.8,69.8
4,92,165.6,61.345,15.04,68.55,68.55
4,93,167.4,60.875,15.32,67.25,67.25
4,94,169.2,59.265,15.465,65.8,65.8
4,95,171,58.54,15.49,64.85,64.85
4,96,172.8,57.72,15.725,64.25,64.25
4,97,174.6,56.88,15.46,63.8,63.8
4,98,176.4,56.575,15.87,63.45,63.45
4,99,178.2,56.265,16.4,62.15,62.15
4,100,180,56.23,16.13,61.55,61.55
4,101,181.8,56.25,16.4,61.55,61.55
4,102,183.6,56.105,16.765,60.65,60.65
4,103,185.4,56.035,16.72,60.2,60.2
4,104,187.2,55.755,16.585,60.15,60.15
4,105,189,55.495,17,59.75,59.75
4,106,190.8,55.755,18.805,59.5,59.5
4,107,192.6,55.795,20.39,59.2,59.2
4,108,194.4,55.715,20.885,58.75,58.75
4,109,196.2,55.475,21.085,58.65,58.65
4,110,198,55.48,21.185,58.35,58.35
4,111,199.8,55.435,21.185,58.05,58.05
4,112,201.6,55.205,20.28,58.05,58.05
4,113,203.4,55.215,20.29,58.15,58.15
4,114,205.2,55.11,20.805,58.4,58.4
4,115,207,55.12,20.765,58.55,58.55
4,116,208.8,55.335,20.89,58.65,58.65
4,117,210.6,55.545,20.39,58.95,58.95
4,118,212.4,55.585,20.61,59.25,59.25
4,119,214.2,53.965,20.855,59.65,59.65
4,120,216,49.235,20.19,60.05,60.05
4,121,217.8,48.06,19.955,60.3,60.3
4,122,219.6,48.705,19.245,60.9,60.9
4,123,221.4,46.815,18.835,61.85,61.85
4,124,223.2,45.9,18.54,62.75,62.75
4,125,225,45.92,18.515,63.45,63.45
4,126,226.8,45.515,18.845,64.9,64.9
4,127,228.6,45.06,18.505,66.2,66.2
4,128,230.4,45.485,18.35,67.4,67.4
4,129,232.2,45.075,18.305,68.65,68.65
4,130,234,44.24,17.925,70.1,70.1
4,131,235.8,43.62,18.035,71.4,71.4
4,132,237.6,43.21,17.85,71.5,71.5
4,133,239.4,42.895,17.87,70.5,70.5
4,134,241.2,42.545,17.915,66.05,66.05
4,135,243,42.43,17.36,61.05,61.05
4,136,244.8,42.385,17.465,56.55,56.55
4,137,246.6,42.245,17.655,52.05,52.05
4,138,248.4,42.305,20.265,48.35,48.35
4,139,250.2,42.255,23.62,46.05,46.05
4,140,252,42.095,23.77,45.7,45.7
4,141,253.8,42.02,23.16,45.95,45.95
4,142,255.6,42.015,21.905,46.15,46.15
4,143,257.4,42.18,20.435,45.55,45.55
4,144,259.2,42.3,19.495,44.9,44.9
4,145,261,42.14,18.605,45.05,45.05
4,146,262.8,42.31,18.55,46.5,46.5
4,147,264.6,42.555,18.59,47.85,47.85
4,148,266.4,42.485,18.175,48.45,48.45
4,149,268.2,42.6,17.475,49,49
4,150,270,42.815,17.535,50.9,50.9
4,151,271.8,43.08,17.945,53.4,53.4
4,152,273.6,43.06,16.745,55.5,55.5
4,153,275.4,42.91,14.725,57.85,57.85
4,154,277.2,43.4,15.155,62.8,62.8
4,155,279,43.81,16.56,67.4,67.4
4,156,280.8,44.015,16.37,68.95,68.95
4,157,282.6,44.51,15.71,70.55,70.55
4,158,284.4,45.005,15.8,69.7,69.7
4,159,286.2,46.765,16.285,67.2,67.2
4,160,288,60.115,16.675,65.35,65.35
4,161,289.8,67.445,17.075,63.5,63.5
4,162,291.6,67.675,17.57,60.85,60.85
4,163,293.4,63.015,17.405,59.05,59.05
4,164,295.2,55.43,17.55,58.7,58.7
4,165,297,57.02,18.335,58.5,58.5
4,166,298.8,56.44,18.525,58.25,58.25
4,167,300.6,56.64,18.035,57.55,57.55
4,168,302.4,56.26,17.375,57.35,57.35
4,169,304.2,55.685,17.52,57.7,57.7
4,170,306,56.125,18.2,59.15,59.15
4,171,307.8,56.345,18.7,60.85,60.85
4,172,309.6,55.81,17.725,62.9,62.9
4,173,311.4,55.36,15.78,65.5,65.5
4,174,313.2,55.79,14.51,73.25,73.25
4,175,315,56.42,13.995,82.55,82.55
4,176,316.8,56.26,14.05,90.15,90.15
4,177,318.6,56.02,14.44,98.35,98.35
4,178,320.4,45.705,14.745,103.45,103.45
4,179,322.2,24.25,14.9,105.85,105.85
4,180,324,14.225,15.06,105.5,105.5
4,181,325.8,15.07,15.29,104.6,104.6
4,182,327.6,26.2,14.99,103.55,103.55
4,183,329.4,26.125,15.005,102.25,102.25
4,184,331.2,14.88,15.56,101.6,101.6
4,185,333,13.94,15.79,101.15,101.15
4,186,334.8,12.335,16.15,100.8,100.8
4,187,336.6,11.415,16.015,100.25,100.25
4,188,338.4,11.05,15.835,99.8,99.8
4,189,340.2,10.85,15.945,99.25,99.25
4,190,342,10.75,16.04,99.3,99.3
4,191,343.8,10.715,16.465,99.75,99.75
4,192,345.6,10.6,16.505,99.3,99.3
4,193,347.4,10.485,16.185,98.85,98.85
4,194,349.2,10.37,16.05,97.05,97.05
4,195,351,10.685,16.28,94.65,94.65
4,196,352.8,11.875,16.35,92.7,92.7
4,197,354.6,44.205,16.015,90.75,90.75
4,198,356.4,75.23,16.005,87.65,87.65
4,199,358.2,74.99,16.16,85.25,85.25
5,0,0,74.35,15.99,83.4,83.4
5,1,1.8,45.745,15.885,82.25,82.25
5,2,3.6,45.795,15.88,80.15,80.15
5,3,5.4,74.13,15.89,79,79
5,4,7.2,74.6,15.495,79.55,79.55
5,5,9,75.845,15.145,81,81
5,6,10.8,75.54,14.95,84.05,84.05
5,7,12.6,75.47,14.86,86.75,86.75
5,8,14.4,75.34,14.34,88.9,88.9
5,9,16.2,74.745,13.645,92.15,92.15
5,10,18,74.92,13.38,99.25,99.25
5,11,19.8,75.69,13.14,107.55,107.55
5,12,21.6,75.975,13.075,114.6,114.6
5,13,23.4,75.565,13.18,121.45,121.45
5,14,25.2,75.43,13.17,126.05,126.05
5,15,27,76.025,13.14,127.25,127.25
5,16,28.8,77.765,13.265,123.1,123.1
5,17,30.6,77.845,13.575,117.65,117.65
5,18,32.4,79.475,13.62,111.45,111.45
5,19,34.2,82.3,13.425,107.45,107.45
5,20,36,82.35,14.515,105.95,105.95
5,21,37.8,82.185,15.93,103.9,103.9
5,22,39.6,82.41,16.19,101.6,101.6
5,23,41.4,82.05,16.105,100.5,100.5
5,24,43.2,81.185,15.97,100.7,100.7
5,25,45,81.205,15.865,100.75,100.75
5,26,46.8,80.98,15.4,103.25,103.25
5,27,48.6,80.445,14.795,104.55,104.55
5,28,50.4,80.345,14.475,104.85,104.85
5,29,52.2,79.955,14.485,106.2,106.2
5,30,54,80.005,14.645,103.8,103.8
5,31,55.8,72.64,14.595,100.1,100.1
5,32,57.6,72.695,14.695,96.7,96.7
5,33,59.4,76.065,14.76,93.4,93.4
5,34,61.2,68.465,15.59,90.55,90.55
5,35,63,65.225,16.885,87.75,87.75
5,36,64.8,64.905,17.145,86.05,86.05
5,37,66.6,63.805,17.53,84.4,84.4
5,38,68.4,62.995,18.1,82.85,82.85
5,39,70.2,62.61,18.225,81.85,81.85
5,40,72,62.605,18.265,80.2,80.2
5,41,73.8,63.135,18.18,77.7,77.7
5,42,75.6,62.775,17.21,74.8,74.8
5,43,77.4,62.075,17.21,72.4,72.4
5,44,79.2,62.055,19.21,70.95,70.95
5,45,81,62.07,20.185,69.6,69.6
5,46,82.8,62.41,20.1,68,68
5,47,84.6,62.52,20.07,66.3,66.3
5,48,86.4,62.33,19.58,65.65,65.65
5,49,88.2,61.83,18.83,65.6,65.6
5,50,90,61.51,18.635,66.2,66.2
5,51,91.8,62.265,18.885,67.2,67.2
5,52,93.6,62.65,18.33,68.35,68.35
5,53,95.4,62.71,17.645,70.1,70.1
5,54,97.2,62.66,16.12,73.65,73.65
5,55,99,62.425,14.255,77.4,77.4
5,56,100.8,62.605,13.85,81,81
5,57,102.6,63.105,13.535,87.05,87.05
5,58,104.4,63.495,13.215,106.1,106.1
5,59,106.2,63.255,13.315,124.05,124.05
5,60,108,63.22,13.34,130.8,130.8
5,61,109.8,64.075,13.24,137.15,137.15
5,62,111.6,69.22,13.26,141.75,141.75
5,63,113.4,98.07,13.2,145.4,145.4
5,64,115.2,113.365,13.12,147.3,147.3
5,65,117,131.155,13.055,151,151
5,66,118.8,138.705,13.18,154.4,154.4
5,67,120.6,98.37,13.34,155.45,155.45
5,68,122.4,80.44,13.175,156,156
5,69,124.2,83,13.055,157.25,157.25
5,70,126,83.05,12.87,155.45,155.45
5,71,127.8,87.71,12.86,152.7,152.7
5,72,129.6,85.49,13.19,150.8,150.8
5,73,131.4,79.98,13.305,147.05,147.05
5,74,133.2,80.475,13.48,142.8,142.8
5,75,135,78.99,13.615,139,139
5,76,136.8,78.28,13.7,478.5,478.5
5,77,138.6,78.115,13.645,472.95,472.95
5,78,140.4,76.6,13.23,121.3,121.3
5,79,142.2,75.615,13.035,112.7,112.7
5,80,144,75.565,13.335,106.25,106.25
5,81,145.8,75.65,13.56,98.9,98.9
5,82,147.6,71.75,13.895,90.7,90.7
5,83,149.4,66.53,14.21,85.8,85.8
5,84,151.2,64.58,14.295,83.65,83.65
5,85,153,64.675,14.8,80.85,80.85
5,86,154.8,63.91,14.83,77.8,77.8
5,87,156.6,66.14,14.435,75.7,75.7
5,88,158.4,73.23,14.455,74.3,74.3
5,89,160.2,71.915,14.525,72.95,72.95
5,90,162,65.355,14.7,71.4,71.4
5,91,163.8,62.88,14.905,69.55,69.55
5,92,165.6,61.055,15.055,68.4,68.4
5,93,167.4,59.61,15.205,67.35,67.35
5,94,169.2,58.695,15.515,66.05,66.05
5,95,171,57.72,15.67,65.15,65.15
5,96,172.8,57.195,15.59,64.55,64.55
5,97,174.6,56.8,15.865,64.05,64.05
5,98,176.4,56.92,16.16,63.05,63.05
5,99,178.2,56.97,16.275,62.15,62.15
5,100,180,56.56,16.215,61.85,61.85
5,101,181.8,56.355,16.44,61.35,61.35
5,102,183.6,56.06,16.455,61.15,61.15
5,103,185.4,55.73,16.4,60.8,60.8
5,104,187.2,55.735,16.845,60.5,60.5
5,105,189,56.04,16.75,60,60
5,106,190.8,56.025,17.09,59.35,59.35
5,107,192.6,55.86,18.375,58.9,58.9
5,108,194.4,55.81,20.405,58.6,58.6
5,109,196.2,55.42,21.635,58.45,58.45
5,110,198,55.18,20.895,58.2,58.2
5,111,199.8,55.305,20.615,58.15,58.15
5,112,201.6,55.265,20.965,58.25,58.25
5,113,203.4,55.045,20.995,58.25,58.25
5,114,205.2,55.15,20.985,58.4,58.4
5,115,207,55.27,20.39,58.6,58.6
5,116,208.8,55.295,20.3,58.75,58.75
5,117,210.6,55.295,20.43,58.9,58.9
5,118,212.4,55.11,19.995,59.1,59.1
5,119,214.2,53.36,19.535,59.3,59.3
5,120,216,50.575,19.785,59.6,59.6
5,121,217.8,48.08,19.83,60.25,60.25
5,122,219.6,46.98,19.495,61.3,61.3
5,123,221.4,46.93,19.525,62.15,62.15
5,124,223.2,45.935,19.425,62.45,62.45
5,125,225,45.98,19.205,63.05,63.05
5,126,226.8,46.205,18.495,64.8,64.8
5,127,228.6,44.89,17.855,66.4,66.4
5,128,230.4,44.23,18.175,67.75,67.75
5,129,232.2,44.255,18.565,68.8,68.8
5,130,234,43.855,18.39,70,70
5,131,235.8,43.335,18.165,71.25,71.25
5,132,237.6,42.935,17.94,71.3,71.3
5,133,239.4,42.64,17.92,70.6,70.6
5,134,241.2,42.25,17.58,66.3,66.3
5,135,243,42.33,17.3,61.1,61.1
5,136,244.8,42.45,17.45,56.55,56.55
5,137,246.6,42.08,17.77,52.05,52.05
5,138,248.4,42.005,20.505,48.6,48.6
5,139,250.2,42.18,23.4,46.35,46.35
5,140,252,42.175,23.925,45.85,45.85
5,141,253.8,42.05,23.18,46.1,46.1
5,142,255.6,41.92,21.515,46.35,46.35
5,143,257.4,41.83,20.13,45.6,45.6
5,144,259.2,42.065,19.435,45.05,45.05
5,145,261,42.37,18.985,45.3,45.3
5,146,262.8,42.4,18.625,46.55,46.55
5,147,264.6,42.365,18.93,47.75,47.75
5,148,266.4,42.46,18.375,48.55,48.55
5,149,268.2,42.67,17.88,49.25,49.25
5,150,270,42.92,18.4,50.95,50.95
5,151,271.8,43.21,18.36,53.2,53.2
5,152,273.6,43.285,16.77,55.25,55.25
5,153,275.4,43.25,15.04,57.8,57.8
5,154,277.2,43.765,15.485,62.55,62.55
5,155,279,44.3,16.26,67.05,67.05
5,156,280.8,44.58,16.245,68.9,68.9
5,157,282.6,45.72,15.915,70.35,70.35
5,158,284.4,46.105,16,69.45,69.45
5,159,286.2,46.095,16.38,67.4,67.4
5,160,288,55.86,16.485,65.3,65.3
5,161,289.8,63.67,16.52,63.1,63.1
5,162,291.6,59.535,16.875,60.95,60.95
5,163,293.4,62.46,17.205,59.1,59.1
5,164,295.2,62.415,18.175,58.55,58.55
5,165,297,57.45,18.925,58.1,58.1
5,166,298.8,57.81,18.285,57.7,57.7
5,167,300.6,56.56,17.915,57.6,57.6
5,168,302.4,55.885,17.17,57.6,57.6
5,169,304.2,73.645,17.265,58.3,58.3
5,170,306,73.195,18.475,59.75,59.75
5,171,307.8,56.735,18.73,61.1,61.1
5,172,309.6,57.075,17.385,63.2,63.2
5,173,311.4,56.67,15.49,65.95,65.95
5,174,313.2,57.22,14.39,73.8,73.8
5,175,315,56.355,14.185,83,83
5,176,316.8,55.845,14.325,90.35,90.35
5,177,318.6,55.965,14.42,98.55,98.55
5,178,320.4,46.21,14.735,103.45,103.45
5,179,322.2,24.46,14.885,104.75,104.75
5,180,324,12.665,15.05,104.7,104.7
5,181,325.8,24.57,15.17,104.3,104.3
5,182,327.6,46.395,14.895,103.15,103.15
5,183,329.4,35.69,15.16,101.9,101.9
5,184,331.2,14.2,15.48,100.85,100.85
5,185,333,13.265,15.655,100.9,100.9
5,186,334.8,12.86,16.315,100.7,100.7
5,187,336.6,12.23,16.28,100.1,100.1
5,188,338.4,11.46,16.035,100.3,100.3
5,189,340.2,11.09,16.135,100,100
5,190,342,10.875,16.18,99.7,99.7
5,191,343.8,10.935,16.485,99.45,99.45
5,192,345.6,10.69,16.41,99.5,99.5
5,193,347.4,10.27,15.765,99.15,99.15
5,194,349.2,10.365,15.82,96.95,96.95
5,195,351,10.695,16.375,94.25,94.25
5,196,352.8,11.28,16.35,92.1,92.1
5,197,354.6,43.435,15.92,90.9,90.9
5,198,356.4,75.175,15.85,88.45,88.45
5,199,358.2,74.675,16.165,85.55,85.55
